id;name;email;subject;message
1;monitor mobile Quality;Giovanna.Reichel84@hotmail.com;interface hard;Product
2;one-to-one maximized Senior;Carmella1@hotmail.com;sticky scalable;Saudi digital
3;panel;Rhoda51@gmail.com;calculate Fresh;monitor compressing Lesotho
4;efficient orchid;Bernadette_Carter@yahoo.com;Account;Gloves
5;bypassing Ethiopian Connecticut;Nella_Hills@gmail.com;e-enable Card;Loan
6;evolve Generic;Sebastian23@gmail.com;National connect Synergized;enhance hack
7;Dynamic;Ashleigh55@yahoo.com;capacitor;Bike
8;Handmade;Kristin72@yahoo.com;Rubber feed;Divide
9;Borders;Paxton.Schmeler7@hotmail.com;Mali;Movies Incredible
10;bluetooth;Dorian23@gmail.com;Usability Mall;Expanded Central
