id;name_of_habit;day_of_habit;week_of_habit;completed_habit;username_habit;habit_iden;summary
1;digital bandwidth-monitored AGP;Grocery;59934;false;Developer directional Wooden;3426;Maine transform
2;ability;Gorgeous;92991;true;wireless Generic;18545;multimedia
3;National;Croatian;98838;true;azure;45061;non-volatile
4;infrastructures turquoise;Peru payment;33566;false;California wireless;14465;portals
5;Tasty green;generating best-of-breed;27839;false;Supervisor EXE Buckinghamshire;1014;Mobility calculating
6;Maine;Plastic back-end;89084;false;Berkshire;9263;Granite Handcrafted
7;Creative parse 3rd;Court Regional exploit;7482;true;Australia;19449;Inlet
8;pixel Loan;Internal Pants;16470;false;Regional;90834;Syrian Branding
9;Jewelery integrate;backing;543;true;ADP Sausages Computers;58138;Executive aggregate
10;back-end system;Bedfordshire;17502;false;optical;15070;bluetooth Mountain
