id;get_started;about;team;contact
1;Chicken;Granite Utah facilitate;Practical Beauty green;Maryland paradigm Supervisor
2;bypassing methodology;Incredible overriding;best-of-breed Trail;Identity Platinum Niue
3;Self-enabling withdrawal homogeneous;payment Orchestrator;Money Plastic;panel e-markets
4;Metal generation Springs;Jewelery Awesome drive;card benchmark Loan;sensor seize
5;e-commerce integrated primary;Buckinghamshire alliance;Books card;lime vortals Dollar
6;Yemeni Synergized;Sterling overriding;SQL interface;Licensed Global Cambridgeshire
7;definition Berkshire firewall;Ridges;improvement Kentucky Arizona;synthesize Granite
8;array;Jewelery;Clothing Uzbekistan;connect copy Pizza
9;Usability;Legacy;scalable;calculate
10;neural-net;Implemented Peso;redundant Ball Metal;Liaison Intelligent
