id;title;prompt;content;date
1;hacking AGP;Dynamic Shoes;Investment Guyana;2024-04-03
2;Gold;Assistant redefine Table;Games;2024-04-03
3;Global 1080p;Refined Electronics withdrawal;Innovative;2024-04-03
4;quantify Checking;Frozen;Awesome back-end Views;2024-04-03
5;background Chief Loan;Egypt payment;Indiana plug-and-play Washington;2024-04-03
6;partnerships;Tasty calculate Chips;action-items;2024-04-03
7;parse metrics;Gloves incremental Profit-focused;Loan Checking Garden;2024-04-04
8;AGP;supply-chains Quality-focused Synchronised;brand strategic;2024-04-03
9;Intuitive groupware Fully-configurable;Account Wooden;overriding robust haptic;2024-04-03
10;digital Intelligent Awesome;Factors;Producer Spain;2024-04-03
